<?xml version="1.0" encoding="UTF-8"?>

<!-- 
 * PopulateDatabase.xml
 *
 * Copyright (C) 2018 Universidad de Sevilla
 * 
 * The use of this project is hereby constrained to the conditions of the 
 * TDG Licence, a copy of which you may download from 
 * http://www.tdg-seville.info/License.html
 -->

<beans xmlns="http://www.springframework.org/schema/beans"
	xmlns:xsi="http://www.w3.org/2001/XMLSchema-instance"
	xsi:schemaLocation="
		http://www.springframework.org/schema/beans http://www.springframework.org/schema/beans/spring-beans.xsd">
	
	<!-- ***************************Credit card********************************** -->
	
	
	
<!-- CreditCard 1 -->

	<bean id="creditCard1" class="domain.CreditCard">
		<property name="holderName" value="Michael Knight" />
		<property name="brandName" value="Visa" />
		<property name="number" value="4024007117238922" />
		<property name="CVV" value="123" />
		<property name="expirationMonth" value="08" />
		<property name="expirationYear" value="2025" />
</bean>

<!-- CreditCard 2 -->

	<bean id="creditCard2" class="domain.CreditCard">
    	<property name="holderName" value="Paco Churrero" />
    	<property name="brandName" value="Visa" />
    	<property name="number" value="4556868385599998" />
    	<property name="CVV" value="123" />
    	<property name="expirationMonth" value="11" />
    	<property name="expirationYear" value="2025" />
	</bean>
<!-- CreditCard 3 -->

	<bean id="creditCard3" class="domain.CreditCard">
    	<property name="holderName" value="Paco Sanz" />
    	<property name="brandName" value="Visa" />
    	<property name="number" value="4716840690662776" />
    	<property name="CVV" value="123" />
    	<property name="expirationMonth" value="8" />
    	<property name="expirationYear" value="2025" />
	</bean>
<!-- CreditCard 4 -->

	<bean id="creditCard4" class="domain.CreditCard">
    	<property name="holderName" value="King K.Rool" />
    	<property name="brandName" value="Visa" />
    	<property name="number" value="4485548395500535" />
    	<property name="CVV" value="123" />
    	<property name="expirationMonth" value="8" />
    	<property name="expirationYear" value="2025" />
	</bean>


<!-- CreditCard 5 -->

	<bean id="creditCard5" class="domain.CreditCard">
    	<property name="holderName" value="Speedy Gonzalez" />
    	<property name="brandName" value="Visa" />
    	<property name="number" value="4847167749843732" />
    	<property name="CVV" value="123" />
    	<property name="expirationMonth" value="8" />
    	<property name="expirationYear" value="2025" />
	</bean>
	
	<!-- CreditCard 6 -->

	<bean id="creditCard6" class="domain.CreditCard">
		<property name="holderName" value="Michael Knight" />
		<property name="brandName" value="Visa" />
		<property name="number" value="4916628988234236" />
		<property name="CVV" value="123" />
		<property name="expirationMonth" value="08" />
		<property name="expirationYear" value="2025" />
</bean>

    <!-- CreditCard 7 -->

	<bean id="creditCard7" class="domain.CreditCard">
		<property name="holderName" value="Michael Knight" />
		<property name="brandName" value="Visa" />
		<property name="number" value="4556966436393302" />
		<property name="CVV" value="123" />
		<property name="expirationMonth" value="08" />
		<property name="expirationYear" value="2025" />
</bean>


<!-- ***************************CATEGORIES********************************** -->

<!-- Category 2 -->
	<bean id="category2" class="domain.Category">
		<property name="name" value="cat2" />
		<property name="descendants">
			<list>
			
			</list>
		</property>
</bean>


<!-- Category 1 -->
	<bean id="category1" class="domain.Category">
		<property name="name" value="parent" />
		<property name="descendants">
			<list>
				<ref bean="category2"></ref>
			</list>
		</property>


	</bean>
	
	
	<!-- Category 3 -->
	<bean id="category3" class="domain.Category">
		<property name="name" value="cat3" />
		<property name="descendants">
			<list>
			
			</list>
		</property>
</bean>
<!-- Category 4 -->
	<bean id="category4" class="domain.Category">
		<property name="name" value="cat4" />
		<property name="descendants">
			<list>
			
			</list>
		</property>
</bean>
<!-- Category 5 -->
	<bean id="category5" class="domain.Category">
		<property name="name" value="cat5" />
		<property name="descendants">
			<list>
			
			</list>
		</property>
</bean>
	
	
	<!-- ***********************EDUCATIONAL RECORD************************** -->
	<!-- Education Record 1 -->
	<bean id="educationRecord1" class="domain.EducationRecord">
		<property name="titleOfDiploma" value="Education Record 1" />
		<property name="startDate" value="04/11/2016" />
		<property name="finishDate" value="12/11/2016" />
		<property name="attachment" value="http://educationrecord.com" />
		<property name="comments" value="Education record comment" />
</bean>

<!-- Education Record 2 -->
	<bean id="educationRecord2" class="domain.EducationRecord">
		<property name="titleOfDiploma" value="Education Record 2" />
		<property name="startDate" value="04/11/2016" />
		<property name="finishDate" value="12/11/2016" />
		<property name="attachment" value="http://educationrecord.com" />
		<property name="comments" value="Education record comment" />
</bean>
<!-- Education Record 3 -->
	<bean id="educationRecord3" class="domain.EducationRecord">
		<property name="titleOfDiploma" value="Education Record 3" />
		<property name="startDate" value="04/11/2016" />
		<property name="finishDate" value="12/11/2016" />
		<property name="attachment" value="http://educationrecord.com" />
		<property name="comments" value="Education record comment" />
</bean>
<!-- Education Record 4 -->
	<bean id="educationRecord4" class="domain.EducationRecord">
		<property name="titleOfDiploma" value="Education Record 4" />
		<property name="startDate" value="04/11/2016" />
		<property name="finishDate" value="12/11/2016" />
		<property name="attachment" value="http://educationrecord.com" />
		<property name="comments" value="Education record comment" />
</bean>
<!-- Education Record 5 -->
	<bean id="educationRecord5" class="domain.EducationRecord">
		<property name="titleOfDiploma" value="Education Record 5" />
		<property name="startDate" value="04/11/2016" />
		<property name="finishDate" value="12/11/2016" />
		<property name="attachment" value="http://educationrecord.com" />
		<property name="comments" value="Education record comment" />
</bean>

	
	<!-- ***********************ENDORSER RECORD *************************** -->
	
	<!-- Endoser Record 1 -->
<bean id="endorserRecord1" class="domain.EndorserRecord">
		<property name="fullendorserName" value="SADAsSDA" />
		<property name="email" value="manolo@gmail.com" />
		<property name="phoneNumber" value="+34 655278767" />
	        <property name="comment" value="sdasdasaqsdwa" />
	</bean>

<!-- Endoser Record 2 -->
<bean id="endorserRecord2" class="domain.EndorserRecord">
		<property name="fullendorserName" value="SADdddASDA" />
		<property name="email" value="manolo@gmail.com" />
		<property name="phoneNumber" value="+34 655278767" />
	        <property name="comment" value="sdasqweqweqweda" />
	</bean>

<!-- Endoser Record 3 -->
<bean id="endorserRecord3" class="domain.EndorserRecord">
		<property name="fullendorserName" value="SADASffDA" />
		<property name="email" value="manolo@gmail.com" />
		<property name="phoneNumber" value="+34 655278767" />
	        <property name="comment" value="sdaseqwewqda" />
	</bean>

<!-- Endoser Record 4 -->
<bean id="endorserRecord4" class="domain.EndorserRecord">
		<property name="fullendorserName" value="SAddwDASDA" />
		<property name="email" value="manolo@gmail.com" />
		<property name="phoneNumber" value="+34 655278767" />
	        <property name="comment" value="sdasddsdsdwdwa" />
	</bean>

<!-- Endoser Record 5 -->
<bean id="endorserRecord5" class="domain.EndorserRecord">
		<property name="fullendorserName" value="SADAffswSDA" />
		<property name="email" value="manolo@gmail.com" />
		<property name="phoneNumber" value="+34 655278767" />
	        <property name="comment" value="sdasqwqwqwda" />
	</bean>
	
	
	<!-- *********************MISCELLANEOUS RECORD **************************** -->
	<!-- Miscellaneous Record 1 -->
	<bean id="miscellaneousRecord1" class="domain.MiscellaneousRecord">
		<property name="title" value="Miscellaneous" />
		<property name="Attachment" value="http://www.misrec.com" />
		<property name="comments" value="hola que tal" />
</bean>
<!-- Miscellaneous Record 2 -->
	<bean id="miscellaneousRecord2" class="domain.MiscellaneousRecord">
		<property name="title" value="Miscellaneou" />
		<property name="Attachment" value="http://www.misrecord.com" />
		<property name="comments" value="como estas" />
</bean>
<!-- Miscellaneous Record 3 -->
	<bean id="miscellaneousRecord3" class="domain.MiscellaneousRecord">
		<property name="title" value="Miscellaneo" />
		<property name="Attachment" value="http://www.misrecord.com" />
		<property name="comments" value="yo bien" />
</bean>
<!-- Miscellaneous Record4 -->
	<bean id="miscellaneousRecord4" class="domain.MiscellaneousRecord">
		<property name="title" value="Miscellane" />
		<property name="Attachment" value="http://www.misrecord.com" />
		<property name="comments" value="perfecto" />
</bean>
<!-- Miscellaneous Record 5 -->
	<bean id="miscellaneousRecord5" class="domain.MiscellaneousRecord">
		<property name="title" value="Miscellan" />
		<property name="Attachment" value="http://www.misrecord.com" />
		<property name="comments" value="venga gracias adios" />
</bean>
	
	
	<!-- ***********************PERSONAL RECORD******************************* -->
	
	<!--PersonalRecord1-->
<bean id="personalRecord1" class="domain.PersonalRecord">
		<property name="fullName" value="Pedro Sánchez" />
		<property name="photo" value="http://www.phporo.com" />
		<property name="phoneNumber" value="+34 65527807" />
		<property name="linkedin" value="http://www.linkedin.com/user" />

	</bean>

<!--PersonalRecord2-->
<bean id="personalRecord2" class="domain.PersonalRecord">
		<property name="fullName" value="Manuel Gonzalez" />
<property name="photo" value="http://www.phporo.com" />
		<property name="phoneNumber" value="+34 65527807" />
		<property name="linkedin" value="http://www.linkedin.com/user" />


	</bean>


<!--PersonalRecord3-->
<bean id="personalRecord3" class="domain.PersonalRecord">
		<property name="fullName" value="Nombre Generico" />
		<property name="photo" value="http://www.phporo.com" />
		<property name="phoneNumber" value="+34 65527807" />
		<property name="linkedin" value="http://www.linkedin.com/user" />


	</bean>


<!--PersonalRecord4-->
<bean id="personalRecord4" class="domain.PersonalRecord">
		<property name="fullName" value="Juan Ymedio" />
		<property name="photo" value="http://www.phporo.com" />
		<property name="phoneNumber" value="+34 65527807" />
		<property name="linkedin" value="http://www.linkedin.com/user" />


	</bean>


<!--PersonalRecord5-->
<bean id="personalRecord5" class="domain.PersonalRecord">
		<property name="fullName" value="David Marquez" />
		<property name="photo" value="http://www.phporo.com" />
		<property name="phoneNumber" value="+34 65527807" />
		<property name="linkedin" value="http://www.linkedin.com/user" />

	</bean>
	
	<!-- ****************************PROFFESSIONAL RECORD******************************* -->
	
	<!-- ProfessionalRecord1 -->
<bean id="professionalRecord1" class="domain.ProfessionalRecord">
		<property name="companyName" value="dpm" />
		<property name="startDate" value="31/12/1998" />
		<property name="finishDate" value="20/11/1999" />
		<property name="role" value="manager" />
		
	</bean>
<!-- ProfessionalRecord2 -->
<bean id="professionalRecord2" class="domain.ProfessionalRecord">
		<property name="companyName" value="dpg" />
		<property name="startDate" value="11/11/2005" />
		<property name="finishDate" value="12/12/2006" />
		<property name="role" value="analista" />
		
	</bean>
<!-- ProfessionalRecord3 -->
<bean id="professionalRecord3" class="domain.ProfessionalRecord">
		<property name="companyName" value="dpp" />
		<property name="startDate" value="12/10/2010" />
		<property name="finishDate" value="12/12/2011" />
		<property name="role" value="yemen" />
		
	</bean>
<!-- ProfessionalRecord4 -->
<bean id="professionalRecord4" class="domain.ProfessionalRecord">
		<property name="companyName" value="dpl" />
		<property name="startDate" value="22/12/1997" />
		<property name="finishDate" value="12/12/1999" />
		<property name="role" value="manager" />
		
	</bean>
<!-- ProfessionalRecord5 -->
<bean id="professionalRecord5" class="domain.ProfessionalRecord">
		<property name="companyName" value="dipies" />
		<property name="startDate" value="19/11/2011" />
		<property name="finishDate" value="21/12/2015" />
		<property name="role" value="manager" />
		
	</bean>
	
	<!-- **************************CURRICULUM**************************** -->
	
	<!-- Curriculum 1 -->

	<bean id="curriculum1" class="domain.Curriculum">
		<property name="ticker" value="000101-AAAAAA" />
		<property name="professionalRecords">
			<list>
				<ref bean="professionalRecord1" />
			</list>
		</property>
		<property name="educationRecords">
			<list>
				<ref bean="educationRecord1" />
			</list>
		</property>
		<property name="miscellaneousRecords">
			<list>
				<ref bean="miscellaneousRecord1" />
			</list>
		</property>
		<property name="endorserRecords">
			<list>
				<ref bean="endorserRecord1" />
			</list>
		</property>
		
		<property name="personalRecords" ref="personalRecord1" />
</bean>

	<!-- Curriculum 2 -->

	<bean id="curriculum2" class="domain.Curriculum">
		<property name="ticker" value="000101-AAAAAB" />
		<property name="professionalRecords">
			<list>
				<ref bean="professionalRecord2" />
			</list>
		</property>
		<property name="educationRecords">
			<list>
				<ref bean="educationRecord2" />
			</list>
		</property>
		<property name="miscellaneousRecords">
			<list>
				<ref bean="miscellaneousRecord2" />
			</list>
		</property>
		<property name="endorserRecords">
			<list>
				<ref bean="endorserRecord2" />
			</list>
		</property>
			<property name="personalRecords" ref="personalRecord2" />
</bean>
<!-- Curriculum 3 -->

	<bean id="curriculum3" class="domain.Curriculum">
		<property name="ticker" value="000101-AAAAAC" />
		<property name="professionalRecords">
			<list>
				<ref bean="professionalRecord3" />
			</list>
		</property>
		<property name="educationRecords">
			<list>
				<ref bean="educationRecord3" />
			</list>
		</property>
		<property name="miscellaneousRecords">
			<list>
				<ref bean="miscellaneousRecord3" />
			</list>
		</property>
		<property name="endorserRecords">
			<list>
				<ref bean="endorserRecord3" />
			</list>
		</property>
		<property name="personalRecords" ref="personalRecord3" />
</bean>
<!-- Curriculum 4 -->

	<bean id="curriculum4" class="domain.Curriculum">
		<property name="ticker" value="000101-AAAAAD" />
		<property name="professionalRecords">
			<list>
				<ref bean="professionalRecord4" />
			</list>
		</property>
		<property name="educationRecords">
			<list>
				<ref bean="educationRecord4" />
			</list>
		</property>
		<property name="miscellaneousRecords">
			<list>
				<ref bean="miscellaneousRecord4" />
			</list>
		</property>
		<property name="endorserRecords">
			<list>
				<ref bean="endorserRecord4" />
			</list>
		</property>
			<property name="personalRecords" ref="personalRecord4" />
</bean>
<!-- Curriculum 5 -->

	<bean id="curriculum5" class="domain.Curriculum">
		<property name="ticker" value="000101-AAAAAE" />
		<property name="professionalRecords">
			<list>
				<ref bean="professionalRecord5" />
			</list>
		</property>
		<property name="educationRecords">
			<list>
				<ref bean="educationRecord5" />
			</list>
		</property>
		<property name="miscellaneousRecords">
			<list>
				<ref bean="miscellaneousRecord5" />
			</list>
		</property>
		<property name="endorserRecords">
			<list>
				<ref bean="endorserRecord5" />
			</list>
		</property>
			<property name="personalRecords" ref="personalRecord5" />
</bean>
	
	<!-- *************************WARRANTY************************* -->
	
	<!-- Warranty 1 -->
	<bean id="warranty1" class="domain.Warranty">
		<property name="title" value="warranty" />
		<property name="terms" value="terminos" />
		<property name="applicableLaws" value="lawyorden" />
	</bean>
<!-- Warranty 2 -->
	<bean id="warranty2" class="domain.Warranty">
		<property name="title" value="warrai" />
		<property name="terms" value="terms" />
		<property name="applicableLaws" value="orderandlaw" />
	</bean>
<!-- Warranty 3 -->
	<bean id="warranty3" class="domain.Warranty">
		<property name="title" value="title" />
		<property name="terms" value="terms" />
		<property name="applicableLaws" value="law" />
	</bean>
<!-- Warranty 4 -->
	<bean id="warranty4" class="domain.Warranty">
		<property name="title" value="title1" />
		<property name="terms" value="terms1" />
		<property name="applicableLaws" value="ley" />
	</bean>
<!-- Warranty 5 -->
	<bean id="warranty5" class="domain.Warranty">
		<property name="title" value="title" />
		<property name="terms" value="terms" />
		<property name="applicableLaws" value="consti" />
	</bean>
	
	
	<!-- **************************NOTE**************************** -->
	
	<!-- Note 1 -->
	<bean id="note1" class="domain.Note">
    	<property name="moment" value="08/12/2017 23:00" />
    	<property name="creatorComment" value="handyWorker4" />
    	<property name="comment" value="Empty" />
	</bean>
    
    <!-- Note 2 -->
	<bean id="note2" class="domain.Note">
    	<property name="moment" value="08/12/2017 22:00" />
    	<property name="creatorComment" value="handyWorker4" />
    	<property name="comment" value="Empty" />
	</bean>

	<!-- Note 3 -->
	<bean id="note3" class="domain.Note">
    	<property name="moment" value="08/12/2017 20:00" />
    	<property name="creatorComment" value="handyWorker4" />
    	<property name="comment" value="Empty" />
	</bean>

	<!-- Note 4 -->
	<bean id="note4" class="domain.Note">
    	<property name="moment" value="08/12/2017 16:00" />
    	<property name="creatorComment" value="handyWorker4" />
    	<property name="comment" value="Empty" />
	</bean>

	<!-- Note 5 -->
	<bean id="note5" class="domain.Note">
    	<property name="moment" value="08/12/2017 12:00" />
    	<property name="creatorComment" value="handyWorker4" />
    	<property name="comment" value="Empty" />
	</bean>
	
	
	<!-- ******************************REPORT********************************* -->
	<!-- Report 1 -->
		
		<bean id="report1" class="domain.Report">
		<property name="moment" value="12/03/2003" />
		<property name="description" value="descripcion1" />
		<property name="attachments" value="asdasd" />
		<property name="finalMode" value="FALSE" />
		

                     <property name="notes">
		

			<list>
				<ref bean="note1" />
				
			</list>
		</property>
		
              <property name="referee" ref="referee1" />

	</bean>
		
	<!-- Report 2 -->
		
		<bean id="report2" class="domain.Report">
		<property name="moment" value="12/03/2004" />
		<property name="description" value="descripcion2" />
		<property name="attachments" value="sdasdasd" />
		<property name="finalMode" value="TRUE" />
		

                     <property name="notes">
		

			<list>
				<ref bean="note2" />
				
			</list>
		</property>
		
              <property name="referee" ref="referee5" />

	</bean>
		
	<!-- Report 3 -->
		
		<bean id="report3" class="domain.Report">
		<property name="moment" value="12/03/2005" />
		<property name="description" value="Descripcion3" />
		<property name="attachments" value="asdads" />
		<property name="finalMode" value="FALSE" />
		

                     <property name="notes">
		

			<list>
				<ref bean="note3" />
				
			</list>
		</property>
		
              <property name="referee" ref="referee4" />

	</bean>
		
	<!-- Report 4 -->
		
		<bean id="report4" class="domain.Report">
		<property name="moment" value="12/03/2006" />
		<property name="description" value="Descripcion4" />
		<property name="attachments" value="asdasdw" />
		<property name="finalMode" value="FALSE" />
		

                     <property name="notes">
		

			<list>
                                <ref bean="note4" />
				
			</list>
		</property>
		
              <property name="referee" ref="referee3" />

	</bean>
		
	<!-- Report 5 -->
		
		<bean id="report5" class="domain.Report">
		<property name="moment" value="12/04/2001" />
		<property name="description" value="Descripcion2" />
		<property name="attachments" value="sadawqxawqd" />
		<property name="finalMode" value="TRUE" />
		

                     <property name="notes">
		

			<list>
                                <ref bean="note5" />
				
			</list>
		</property>
		
              <property name="referee" ref="referee2" />

	</bean>
	
	
	
	<!-- *********************************MSG BOXES*************************** -->
	
	
	<!-- In 1 -->

	<bean id="in1" class="domain.MessageBox">

		<property name="name" value="in" />

		<property name="systemBox" value="False" />

	</bean>


	<!-- Out box 1 -->

	<bean id="out1" class="domain.MessageBox">

		<property name="name" value="out" />

		<property name="systemBox" value="False" />

	</bean>

	<!-- Trash box 1 -->

	<bean id="trash1" class="domain.MessageBox">

		<property name="name" value="trash" />

		<property name="systemBox" value="False" />

	</bean>


	<!-- Spam box 1 -->

	<bean id="spam1" class="domain.MessageBox">

		<property name="name" value="spam" />

		<property name="systemBox" value="False" />

</bean>
	
	<!-- In 2 -->




	<bean id="in2" class="domain.MessageBox">




		<property name="name" value="in" />




		<property name="systemBox" value="False" />




	</bean>









	<!-- Out box 2 -->




	<bean id="out2" class="domain.MessageBox">




		<property name="name" value="out" />




		<property name="systemBox" value="False" />




	</bean>









	<!-- Trash box 2 -->




	<bean id="trash2" class="domain.MessageBox">




		<property name="name" value="trash" />




		<property name="systemBox" value="False" />




	</bean>









	<!-- Spam box 2 -->




	<bean id="spam2" class="domain.MessageBox">




		<property name="name" value="spam" />




		<property name="systemBox" value="False" />


</bean>



<!-- In 3 -->




	<bean id="in3" class="domain.MessageBox">




		<property name="name" value="in" />




		<property name="systemBox" value="False" />




	</bean>









	<!-- Out box 3 -->




	<bean id="out3" class="domain.MessageBox">




		<property name="name" value="out" />




		<property name="systemBox" value="False" />




	</bean>









	<!-- Trash box 3 -->




	<bean id="trash3" class="domain.MessageBox">




		<property name="name" value="trash" />




		<property name="systemBox" value="False" />




	</bean>









	<!-- Spam box 3 -->




	<bean id="spam3" class="domain.MessageBox">




		<property name="name" value="spam" />




		<property name="systemBox" value="False" />




</bean>


<!-- In 4 -->




	<bean id="in4" class="domain.MessageBox">




		<property name="name" value="in" />




		<property name="systemBox" value="False" />




	</bean>









	<!-- Out box 4 -->




	<bean id="out4" class="domain.MessageBox">




		<property name="name" value="out" />




		<property name="systemBox" value="False" />




	</bean>









	<!-- Trash box 4 -->




	<bean id="trash4" class="domain.MessageBox">




		<property name="name" value="trash" />




		<property name="systemBox" value="False" />




	</bean>









	<!-- Spam box 4 -->




	<bean id="spam4" class="domain.MessageBox">




		<property name="name" value="spam" />




		<property name="systemBox" value="False" />




</bean>









<!-- In 5 -->




	<bean id="in5" class="domain.MessageBox">




		<property name="name" value="in" />




		<property name="systemBox" value="False" />




	</bean>









	<!-- Out box 5 -->




	<bean id="out5" class="domain.MessageBox">




		<property name="name" value="out" />




		<property name="systemBox" value="False" />




	</bean>









	<!-- Trash box 5 -->




	<bean id="trash5" class="domain.MessageBox">




		<property name="name" value="trash" />




		<property name="systemBox" value="False" />




	</bean>









	<!-- Spam box 5 -->




	<bean id="spam5" class="domain.MessageBox">




		<property name="name" value="spam" />




		<property name="systemBox" value="False" />




</bean>




<!-- In 6 -->




	<bean id="in6" class="domain.MessageBox">




		<property name="name" value="in" />




		<property name="systemBox" value="False" />




	</bean>









	<!-- Out box 6 -->




	<bean id="out6" class="domain.MessageBox">




		<property name="name" value="out" />




		<property name="systemBox" value="False" />




	</bean>









	<!-- Trash box 6 -->




	<bean id="trash6" class="domain.MessageBox">




		<property name="name" value="trash" />




		<property name="systemBox" value="False" />




	</bean>









	<!-- Spam box 6 -->




	<bean id="spam6" class="domain.MessageBox">




		<property name="name" value="spam" />




		<property name="systemBox" value="False" />




</bean>









<!-- In 7 -->




	<bean id="in7" class="domain.MessageBox">




		<property name="name" value="in" />




		<property name="systemBox" value="False" />




	</bean>









	<!-- Out box 7 -->




	<bean id="out7" class="domain.MessageBox">




		<property name="name" value="out" />




		<property name="systemBox" value="False" />




	</bean>









	<!-- Trash box 7 -->




	<bean id="trash7" class="domain.MessageBox">




		<property name="name" value="trash" />




		<property name="systemBox" value="False" />




	</bean>









	<!-- Spam box 7 -->




	<bean id="spam7" class="domain.MessageBox">




		<property name="name" value="spam" />




		<property name="systemBox" value="False" />




</bean>




<!-- In 8 -->




	<bean id="in8" class="domain.MessageBox">




		<property name="name" value="in" />




		<property name="systemBox" value="False" />




	</bean>









	<!-- Out box 8 -->




	<bean id="out8" class="domain.MessageBox">




		<property name="name" value="out" />




		<property name="systemBox" value="False" />




	</bean>









	<!-- Trash box 8 -->




	<bean id="trash8" class="domain.MessageBox">




		<property name="name" value="trash" />




		<property name="systemBox" value="False" />




	</bean>









	<!-- Spam box 8 -->




	<bean id="spam8" class="domain.MessageBox">




		<property name="name" value="spam" />




		<property name="systemBox" value="False" />




</bean>














<!-- In 9 -->




	<bean id="in9" class="domain.MessageBox">




		<property name="name" value="in" />




		<property name="systemBox" value="False" />




	</bean>









	<!-- Out box 9 -->




	<bean id="out9" class="domain.MessageBox">




		<property name="name" value="out" />




		<property name="systemBox" value="False" />




	</bean>









	<!-- Trash box 9 -->




	<bean id="trash9" class="domain.MessageBox">




		<property name="name" value="trash" />




		<property name="systemBox" value="False" />




	</bean>









	<!-- Spam box 9 -->




	<bean id="spam9" class="domain.MessageBox">




		<property name="name" value="spam" />




		<property name="systemBox" value="False" />




</bean>









<!-- In 10 -->




	<bean id="in10" class="domain.MessageBox">




		<property name="name" value="in" />




		<property name="systemBox" value="False" />




	</bean>









	<!-- Out box 10 -->




	<bean id="out10" class="domain.MessageBox">




		<property name="name" value="out" />




		<property name="systemBox" value="False" />




	</bean>









	<!-- Trash box 10 -->




	<bean id="trash10" class="domain.MessageBox">




		<property name="name" value="trash" />




		<property name="systemBox" value="False" />




	</bean>









	<!-- Spam box 10 -->




	<bean id="spam10" class="domain.MessageBox">




		<property name="name" value="spam" />




		<property name="systemBox" value="False" />




</bean>














<!-- In 11 -->




	<bean id="in11" class="domain.MessageBox">




		<property name="name" value="in" />




		<property name="systemBox" value="False" />




	</bean>









	<!-- Out box 11 -->




	<bean id="out11" class="domain.MessageBox">




		<property name="name" value="out" />




		<property name="systemBox" value="False" />




	</bean>









	<!-- Trash box 11 -->




	<bean id="trash11" class="domain.MessageBox">




		<property name="name" value="trash" />




		<property name="systemBox" value="False" />




	</bean>









	<!-- Spam box 11 -->

	<bean id="spam11" class="domain.MessageBox">

		<property name="name" value="spam" />

		<property name="systemBox" value="False" />

</bean>

<!-- In 12 -->

	<bean id="in12" class="domain.MessageBox">

		<property name="name" value="in" />

		<property name="systemBox" value="False" />

	</bean>



	<!-- Out box 12 -->


	<bean id="out12" class="domain.MessageBox">

		<property name="name" value="out" />
	<property name="systemBox" value="False" />


	</bean>

	<!-- Trash box 12 -->

	<bean id="trash12" class="domain.MessageBox">


		<property name="name" value="trash" />

		<property name="systemBox" value="False" />

	</bean>

	<!-- Spam box 12 -->

	<bean id="spam12" class="domain.MessageBox">

		<property name="name" value="spam" />

		<property name="systemBox" value="False" />

</bean>


<!-- In 13 -->

	<bean id="in13" class="domain.MessageBox">

		<property name="name" value="in" />

		<property name="systemBox" value="False" />


	</bean>


	<!-- Out box 13 -->

	<bean id="out13" class="domain.MessageBox">

		<property name="name" value="out" />

		<property name="systemBox" value="False" />

	</bean>


	<!-- Trash box 13 -->

	<bean id="trash13" class="domain.MessageBox">

		<property name="name" value="trash" />

		<property name="systemBox" value="False" />

	</bean>

	<!-- Spam box 13 -->

	<bean id="spam13" class="domain.MessageBox">


		<property name="name" value="spam" />

		<property name="systemBox" value="False" />


</bean>


<!-- In 14 -->


	<bean id="in14" class="domain.MessageBox">

		<property name="name" value="in" />

		<property name="systemBox" value="False" />

	</bean>


	<!-- Out box 14 -->

	<bean id="out14" class="domain.MessageBox">

		<property name="name" value="out" />

		<property name="systemBox" value="False" />

	</bean>


	<!-- Trash box 14 -->

	<bean id="trash14" class="domain.MessageBox">

		<property name="name" value="trash" />

		<property name="systemBox" value="False" />


	</bean>


	<!-- Spam box 14 -->

	<bean id="spam14" class="domain.MessageBox">

		<property name="name" value="spam" />


		<property name="systemBox" value="False" />


</bean>

<!-- In 15 -->

	<bean id="in15" class="domain.MessageBox">

		<property name="name" value="in" />

		<property name="systemBox" value="False" />

	</bean>

	<!-- Out box 15 -->

	<bean id="out15" class="domain.MessageBox">

		<property name="name" value="out" />

		<property name="systemBox" value="False" />

	</bean>



	<!-- Trash box 15 -->

	<bean id="trash15" class="domain.MessageBox">

		<property name="name" value="trash" />

		<property name="systemBox" value="False" />

	</bean>


	<!-- Spam box 15 -->

	<bean id="spam15" class="domain.MessageBox">

		<property name="name" value="spam" />

		<property name="systemBox" value="False" />

</bean>

<!-- In 16 -->

	<bean id="in16" class="domain.MessageBox">

		<property name="name" value="in" />

		<property name="systemBox" value="False" />

	</bean>


	<!-- Out box 16 -->

	<bean id="out16" class="domain.MessageBox">

		<property name="name" value="out" />

		<property name="systemBox" value="False" />

	</bean>




	<!-- Trash box 16 -->

	<bean id="trash16" class="domain.MessageBox">


		<property name="name" value="trash" />

		<property name="systemBox" value="False" />

	</bean>


	<!-- Spam box 16 -->

	<bean id="spam16" class="domain.MessageBox">

		<property name="name" value="spam" />

		<property name="systemBox" value="False" />

</bean>


<!-- In 17 -->

	<bean id="in17" class="domain.MessageBox">


		<property name="name" value="in" />

		<property name="systemBox" value="False" />


	</bean>


	<!-- Out box 17 -->

	<bean id="out17" class="domain.MessageBox">

		<property name="name" value="out" />

		<property name="systemBox" value="False" />

	</bean>



	<!-- Trash box 17 -->

	<bean id="trash17" class="domain.MessageBox">


		<property name="name" value="trash" />


		<property name="systemBox" value="False" />
	</bean>




	<!-- Spam box 17 -->

	<bean id="spam17" class="domain.MessageBox">


		<property name="name" value="spam" />
		<property name="systemBox" value="False" />


</bean>

<!-- In 18 -->

	<bean id="in18" class="domain.MessageBox">

		<property name="name" value="in" />


		<property name="systemBox" value="False" />


	</bean>



	<!-- Out box 18 -->
	<bean id="out18" class="domain.MessageBox">

		<property name="name" value="out" />

		<property name="systemBox" value="False" />
	</bean>


	<!-- Trash box 18 -->

	<bean id="trash18" class="domain.MessageBox">

		<property name="name" value="trash" />

		<property name="systemBox" value="False" />

	</bean>

	<!-- Spam box 18 -->


	<bean id="spam18" class="domain.MessageBox">

		<property name="name" value="spam" />

		<property name="systemBox" value="False" />

</bean>


<!-- In 19 -->

	<bean id="in19" class="domain.MessageBox">

		<property name="name" value="in" />

		<property name="systemBox" value="False" />

	</bean>

	<!-- Out box 19 -->

	<bean id="out19" class="domain.MessageBox">

		<property name="name" value="out" />

		<property name="systemBox" value="False" />

	</bean>


	<!-- Trash box 19 -->

	<bean id="trash19" class="domain.MessageBox">

		<property name="name" value="trash" />

		<property name="systemBox" value="False" />

	</bean>

	<!-- Spam box 19 -->

	<bean id="spam19" class="domain.MessageBox">

		<property name="name" value="spam" />

		<property name="systemBox" value="False" />

</bean>


<!-- In 20 -->

	<bean id="in20" class="domain.MessageBox">

		<property name="name" value="in" />

		<property name="systemBox" value="False" />


	</bean>

	<!-- Out box 20 -->

	<bean id="out20" class="domain.MessageBox">

		<property name="name" value="out" />

		<property name="systemBox" value="False" />

	</bean>


<!-- Trash box 20 -->

	<bean id="trash20" class="domain.MessageBox">

		<property name="name" value="trash" />

		<property name="systemBox" value="False" />

	</bean>

	<!-- Spam box 20 -->

	<bean id="spam20" class="domain.MessageBox">

		<property name="name" value="spam" />

		<property name="systemBox" value="False" />

</bean>

	
	
	
	
	<!-- *********************************REFEREE*************************** -->
	
<!-- Referee 1 -->

	<bean id="userAccount10" class="security.UserAccount">
		<property name="username" value="referee1" />
		<property name="password" value="referee" />
		<property name="authorities">
			<list>
				<bean class="security.Authority">
					<property name="authority" value="REFEREE" />
				</bean>
			</list>
		</property>
	</bean>
	
	<bean id="referee1" class="domain.Referee">
		<property name="name" value="Paco Sanz" />
		<property name="middleName" value="Sans" />
		<property name="phone" value="+34 654654654" />
		<property name="address" value="calle falsa 123" />
		<property name="email" value="referee@gmail.com" />
		<property name="photo" value="http://www.direccion.com" />
		<property name="userAccount" ref="userAccount10" />
		<property name="profiles">
			<list>
			</list>
		</property>
		<property name="messageBoxes">
			<list>
				<ref bean="in10" />
				<ref bean="out10" />
				<ref bean="trash10" />
				<ref bean="spam10" />
			</list>
		</property>
</bean>

<!-- Referee 2 -->

	<bean id="userAccount11" class="security.UserAccount">
		<property name="username" value="referee2" />
		<property name="password" value="referee" />
		<property name="authorities">
			<list>
				<bean class="security.Authority">
					<property name="authority" value="REFEREE" />
				</bean>
			</list>
		</property>
	</bean>
	
	<bean id="referee2" class="domain.Referee">
		<property name="name" value="Paco Sanz2" />
		<property name="middleName" value="Sans2" />
		<property name="phone" value="+34 654654654" />
		<property name="address" value="calle falsa 123" />
		<property name="email" value="referee@gmail.com" />
		<property name="photo" value="http://www.direccion.com" />
		<property name="userAccount" ref="userAccount11" />
		<property name="profiles">
			<list>
			</list>
		</property>
		<property name="messageBoxes">
			<list>
				<ref bean="in11" />
				<ref bean="out11" />
				<ref bean="trash11" />
				<ref bean="spam11" />
			</list>
		</property>
</bean>
<!-- Referee 3 -->

	<bean id="userAccount12" class="security.UserAccount">
		<property name="username" value="referee3" />
		<property name="password" value="referee" />
		<property name="authorities">
			<list>
				<bean class="security.Authority">
					<property name="authority" value="REFEREE" />
				</bean>
			</list>
		</property>
	</bean>
	
	<bean id="referee3" class="domain.Referee">
		<property name="name" value="Paco Sanz3" />
		<property name="middleName" value="Sans3" />
		<property name="phone" value="+34 654654654" />
		<property name="address" value="calle falsa 123" />
		<property name="email" value="referee@gmail.com" />
		<property name="photo" value="http://www.direccion.com" />
		<property name="userAccount" ref="userAccount12" />
		<property name="profiles">
			<list>
			</list>
		</property>
		<property name="messageBoxes">
			<list>
				<ref bean="in13" />
				<ref bean="out13" />
				<ref bean="trash13" />
				<ref bean="spam13" />
			</list>
		</property>
</bean>
<!-- Referee 4 -->

	<bean id="userAccount13" class="security.UserAccount">
		<property name="username" value="referee4" />
		<property name="password" value="referee" />
		<property name="authorities">
			<list>
				<bean class="security.Authority">
					<property name="authority" value="REFEREE" />
				</bean>
			</list>
		</property>
	</bean>
	
	<bean id="referee4" class="domain.Referee">
		<property name="name" value="Paco Sanz4" />
		<property name="middleName" value="Sans4" />
		<property name="phone" value="+34 654654654" />
		<property name="address" value="calle falsa 123" />
		<property name="email" value="referee@gmail.com" />
		<property name="photo" value="http://www.direccion.com" />
		<property name="userAccount" ref="userAccount13" />
		<property name="profiles">
			<list>
			</list>
		</property>
		<property name="messageBoxes">
			<list>
				<ref bean="in12" />
				<ref bean="out12" />
				<ref bean="trash12" />
				<ref bean="spam12" />
			</list>
		</property>
</bean>
<!-- Referee 5 -->

	<bean id="userAccount14" class="security.UserAccount">
		<property name="username" value="referee5" />
		<property name="password" value="referee" />
		<property name="authorities">
			<list>
				<bean class="security.Authority">
					<property name="authority" value="REFEREE" />
				</bean>
			</list>
		</property>
	</bean>
	
	<bean id="referee5" class="domain.Referee">
		<property name="name" value="Paco Sanz5" />
		<property name="middleName" value="Sans5" />
		<property name="phone" value="+34 654654654" />
		<property name="address" value="calle falsa 123" />
		<property name="email" value="referee@gmail.com" />
		<property name="photo" value="http://www.direccion.com" />
		<property name="userAccount" ref="userAccount14" />
		<property name="profiles">
			<list>
			</list>
		</property>
		<property name="messageBoxes">
			<list>
				<ref bean="in14" />
				<ref bean="out14" />
				<ref bean="trash14" />
				<ref bean="spam14" />
			</list>
		</property>
</bean>
	<!-- ************************PROFILES********************************* -->
	
	<!-- Profile1 -->
	<bean id="profile1" class="domain.Profile">
    	<property name="socialNetwork" value="Twitter" />
    	<property name="snLink" value="http://www.twitter.com/profiles/Rex" />
    	<property name="nick" value="@rex" />
	</bean>
    
	<!-- Profile2 -->
	<bean id="profile2" class="domain.Profile">
    	<property name="socialNetwork" value="Twitter" />
    	<property name="snLink" value="http://www.twitter.com/profiles/Rennes" />
    	<property name="nick" value="@rennes" />
	</bean>
    
	<!-- Profile3 -->
	<bean id="profile3" class="domain.Profile">
    	<property name="socialNetwork" value="Twitter" />
    	<property name="snLink" value="http://www.twitter.com/profiles/Enre" />
    	<property name="nick" value="@enre" />
	</bean>
    
	<!-- Profile4 -->
	<bean id="profile4" class="domain.Profile">
    	<property name="socialNetwork" value="Twitter" />
    	<property name="snLink" value="http://www.twitter.com/profiles/Maxi" />
    	<property name="nick" value="@maxi" />
	</bean>
    
	<!-- Profile5 -->
	<bean id="profile5" class="domain.Profile">
    	<property name="socialNetwork" value="Twitter" />
    	<property name="snLink" value="http://www.twitter.com/profiles/Julio" />
    	<property name="nick" value="@hulio" />
	</bean>

	<!-- *************************APPLICATIONS**************************** -->
	
	<!--application1-->
<bean id="application1" class="domain.Application">
		
		<property name="moment" value="01/01/2000" />
        <property name="status" value="PENDING" />
		<property name="offeredPrice" value="125.00" />
		<property name="comments" value="comment" />
		<property name="creditCard" ref="creditCard1" />
                 
	</bean>

	<!--application2-->
<bean id="application2" class="domain.Application">
		
		<property name="moment" value="01/01/2000" />
             	<property name="status" value="PENDING" />
		<property name="offeredPrice" value="1120.00" />
		<property name="comments" value="comment" />
		<property name="creditCard" ref="creditCard2" />
                 
	</bean>


<!--application3-->
<bean id="application3" class="domain.Application">
		
		<property name="moment" value="01/01/2000" />
             	<property name="status" value="PENDING" />
		<property name="offeredPrice" value="11.01" />
		<property name="comments" value="comment" />
		<property name="creditCard" ref="creditCard3" />
                 
	</bean>


<!--application4-->
<bean id="application4" class="domain.Application">
		
		<property name="moment" value="01/01/2000" />
             	<property name="status" value="REJECTED" />
		<property name="offeredPrice" value="12.00" />
		<property name="comments" value="comment" />
		<property name="creditCard" ref="creditCard4" />
                 
	</bean>


<!--application5-->
<bean id="application5" class="domain.Application">
		
		<property name="moment" value="01/01/2000" />
             	<property name="status" value="ACCEPTED" />
		<property name="offeredPrice" value="12.00" />
		<property name="comments" value="comment" />
		<property name="creditCard" ref="creditCard5" />
                 
	</bean>
	
<!--application6-->
<bean id="application6" class="domain.Application">
		
		<property name="moment" value="01/01/2000" />
        <property name="status" value="ACCEPTED" />
		<property name="offeredPrice" value="45.00" />
		<property name="comments" value="comment" />
		<property name="creditCard" ref="creditCard6" />
                 
	</bean>
	
<!--application7-->
<bean id="application7" class="domain.Application">
		
		<property name="moment" value="01/01/2000" />
        <property name="status" value="ACCEPTED" />
		<property name="offeredPrice" value="85.00" />
		<property name="comments" value="comment" />
		<property name="creditCard" ref="creditCard7" />
                 
	</bean>

	<!-- ******************************PHASES********************************* -->
	
	<!-- Phase 1 -->
	<bean id="phase1" class="domain.Phase">
    	<property name="title" value="title1" />
    	<property name="description" value="description1" />
    	<property name="startMoment" value="01/01/1999 23:59" />
    	<property name="endMoment" value="01/01/2001 23:59" />
	</bean>
    
	<!-- Phase 2 -->
	<bean id="phase2" class="domain.Phase">
    	<property name="title" value="title2" />
    	<property name="description" value="description2" />
    	<property name="startMoment" value="01/01/1999 23:59" />
    	<property name="endMoment" value="01/01/2001 23:59" />
	</bean>

	<!-- Phase 3 -->
	<bean id="phase3" class="domain.Phase">
    	<property name="title" value="title3" />
    	<property name="description" value="description3" />
    	<property name="startMoment" value="01/01/2003 23:59" />
    	<property name="endMoment" value="01/01/2004 23:59" />
	</bean>

	<!-- Phase 4 -->
	<bean id="phase4" class="domain.Phase">
    	<property name="title" value="title4" />
    	<property name="description" value="description4" />
    	<property name="startMoment" value="01/01/2004 23:59" />
    	<property name="endMoment" value="01/01/2005 23:59" />
	</bean>

	<!-- Phase 5 -->
	<bean id="phase5" class="domain.Phase">
    	<property name="title" value="title5" />
    	<property name="description" value="description4" />
    	<property name="startMoment" value="01/01/2005 23:59" />
    	<property name="endMoment" value="01/01/2006 23:59" />
	</bean>

	<!-- ********************************COMPLAINTS****************************** -->
	<!-- Complaint 1 -->
	<bean id="complaint1" class="domain.Complaint">
		<property name="ticker" value="000101-AAAAAB" />
		<property name="moment" value="31/01/2000 00:00" />
		<property name="description" value="hola" />
		<property name="attachments" value="attachments" />
		<property name="report" ref="report1"/>
		</bean>
<!-- Complaint 2 -->
	<bean id="complaint2" class="domain.Complaint">
		<property name="ticker" value="000101-AAAAAC" />
		<property name="moment" value="01/01/2000 00:00" />
		<property name="description" value="description" />
		<property name="attachments" value="attachments" />
		<property name="report" ref="report2"/>
		</bean>
<!-- Complaint 3 -->
	<bean id="complaint3" class="domain.Complaint">
		<property name="ticker" value="000101-AAAAAD" />
		<property name="moment" value="01/01/2000 00:00" />
		<property name="description" value="description" />
		<property name="attachments" value="attachments" />
		<property name="report" ref="report3"/>
		</bean>
<!-- Complaint 4 -->
	<bean id="complaint4" class="domain.Complaint">
		<property name="ticker" value="000101-AAAAAE" />
		<property name="moment" value="01/01/2000 00:00" />
		<property name="description" value="description" />
		<property name="attachments" value="attachments" />
		<property name="report" ref="report4"/>
		</bean>
<!-- Complaint 5 -->
	<bean id="complaint5" class="domain.Complaint">
		<property name="ticker" value="000101-AAAAAF" />
		<property name="moment" value="01/01/2000 00:00" />
		<property name="description" value="description" />
		<property name="attachments" value="attachments" />
		<property name="report" ref="report5"/>
		</bean>
	
	
	<!-- *******************************FIX UP TASK****************************** -->

	<!-- FixUpTask 1 -->
	<bean id="fixUpTask1" class="domain.FixUpTask">
		<property name="ticker" value="170410-AAABB" />
		<property name="description" value="description" />
		<property name="address" value="address" />
		<property name="maximumPrice" value="105.00" />
		<property name="startDate" value="01/01/2000" />
		<property name="endDate" value="03/01/2000" />
		<property name="moment" value="01/01/2000 13:59" />
		<property name="phases">
			<list>
				<ref bean="phase1"></ref>
			</list>
		</property>
		<property name="warranty">
<list>
 <ref bean="warranty1" ></ref>
</list>
</property>
		<property name="category" ref="category1" />
		<property name="complaints">
		   <list>
		     <ref bean="complaint1" ></ref>
           </list>
        </property>
<property name="applications">
<list>
 <ref bean="application1" ></ref>
 <ref bean="application6" ></ref>
 <ref bean="application7" ></ref>
</list>
</property>


</bean>
<!-- FixUpTask 2 -->
	<bean id="fixUpTask2" class="domain.FixUpTask">
		<property name="ticker" value="170515-ABABB" />
		<property name="description" value="description" />
		<property name="address" value="address" />
		<property name="maximumPrice" value="55.00" />
		<property name="startDate" value="01/01/2000" />
		<property name="endDate" value="02/01/2000" />
		<property name="moment" value="01/01/2000 23:00" />
		<property name="phases">
			<list>
				<ref bean="phase2"></ref>
			</list>
		</property>
		<property name="warranty">
<list>
 <ref bean="warranty2" ></ref>
</list>
</property>
		<property name="category" ref="category2" />
		<property name="complaints" >
		   <list>
		     <ref bean="complaint2" ></ref>
           </list>
        </property>

<property name="applications">
<list>
 <ref bean="application2" ></ref>
</list>
</property>
</bean>
<!-- FixUpTask 3 -->
	<bean id="fixUpTask3" class="domain.FixUpTask">
		<property name="ticker" value="170824-ABBBB" />
		<property name="description" value="description" />
		<property name="address" value="address" />
		<property name="maximumPrice" value="90.00" />
		<property name="startDate" value="01/01/2000" />
		<property name="endDate" value="02/01/2000" />
		<property name="moment" value="01/01/2000 22:00" />
		<property name="phases">
			<list>
				<ref bean="phase3"></ref>
			</list>
		</property>
		<property name="warranty">
<list>
 <ref bean="warranty3" ></ref>
</list>
</property>
		<property name="category" ref="category3" />
		<property name="complaints">
		   <list>
		     <ref bean="complaint3" ></ref>
           </list>
        </property>

<property name="applications">
<list>
 <ref bean="application3" ></ref>
</list>
</property>

</bean>
<!-- FixUpTask 4 -->
	<bean id="fixUpTask4" class="domain.FixUpTask">
		<property name="ticker" value="171010-AAAAA" />
		<property name="description" value="description" />
		<property name="address" value="address" />
		<property name="maximumPrice" value="125.00" />
		<property name="startDate" value="01/01/2000" />
		<property name="endDate" value="02/01/2000" />
		<property name="moment" value="01/01/2000 20:29" />
		<property name="phases">
			<list>
				<ref bean="phase4"></ref>
			</list>
		</property>
		<property name="warranty">
<list>
 <ref bean="warranty4" ></ref>
</list>
</property>
		<property name="category" ref="category4" />
		<property name="complaints" >
		   <list>
		     <ref bean="complaint4" ></ref>
           </list>
        </property>
<property name="applications">
<list>
 <ref bean="application4" ></ref>
</list>
</property>

</bean>

<!-- FixUpTask 5 -->
	<bean id="fixUpTask5" class="domain.FixUpTask">
		<property name="ticker" value="170310-AAABB" />
		<property name="description" value="description" />
		<property name="address" value="address" />
		<property name="maximumPrice" value="40.00" />
		<property name="startDate" value="01/01/2000" />
		<property name="endDate" value="01/01/2000" />
		<property name="moment" value="01/01/2000 18:17" />
		<property name="phases">
			<list>
				<ref bean="phase5"></ref>
			</list>
		</property>
		<property name="warranty">
<list>
 <ref bean="warranty5" ></ref>
</list>
</property>
		<property name="category" ref="category5" />
		<property name="complaints"> 
		   <list>
		     <ref bean="complaint5" ></ref>
           </list>
        </property>

<property name="applications">
<list>
 <ref bean="application5" ></ref>
</list>
</property>

</bean>

	
	<!-- ************************FINDER**************************** -->
<!-- Finder 1 -->
	<bean id="finder1" class="domain.Finder">
		<property name="query" value="paco" />
		<property name="minPrice" value="100.00" />
		<property name="maxPrice" value="200.00" />
		<property name="startDate" value="12/12/1998" />
                <property name="endDate" value="12/12/1999" />
		<property name="fixUpTasks">
			<list>
				<ref bean="fixUpTask1"></ref>
			</list>
		</property>
		
</bean>
<!-- Finder 2 -->
	<bean id="finder2" class="domain.Finder">
		<property name="query" value="cogollo" />
		<property name="minPrice" value="100.00" />
		<property name="maxPrice" value="200.00" />
		<property name="startDate" value="12/12/1998" />
                <property name="endDate" value="12/12/1999" />
		<property name="fixUpTasks">
			<list>
				<ref bean="fixUpTask2"></ref>
			</list>
		</property>
		
</bean>
<!-- Finder 3 -->
	<bean id="finder3" class="domain.Finder">
		<property name="query" value="gato" />
		<property name="minPrice" value="100.00" />
		<property name="maxPrice" value="200.00" />
		<property name="startDate" value="12/12/1999" />
                <property name="endDate" value="12/12/2000" />
		<property name="fixUpTasks">
			<list>
				<ref bean="fixUpTask3"></ref>
			</list>
		</property>
		
</bean>
<!-- Finder 4 -->
	<bean id="finder4" class="domain.Finder">
		<property name="query" value="nino" />
		<property name="minPrice" value="100.00" />
		<property name="maxPrice" value="200.00" />
		<property name="startDate" value="12/12/1998" />
                <property name="endDate" value="12/12/1999" />
		<property name="fixUpTasks">
			<list>
				<ref bean="fixUpTask4"></ref>
			</list>
		</property>
		
</bean>
<!-- Finder 5 -->
	<bean id="finder5" class="domain.Finder">
		<property name="query" value="tati" />
		<property name="minPrice" value="100.00" />
		<property name="maxPrice" value="200.00" />
		<property name="startDate" value="12/12/1998" />
                <property name="endDate" value="12/12/1999" />
		<property name="fixUpTasks">
			<list>
				<ref bean="fixUpTask5"></ref>
			</list>
		</property>
		
</bean>

	<!-- *************************HANDY WORKER**************************** -->

<!--HandyWorker1-->
<bean id="userAccount4" class="security.UserAccount">
		<property name="username" value="handyworker1" />
		<property name="password" value="handyworker1" />
		<property name="authorities">
			<list>
				<bean class="security.Authority">
					<property name="authority" value="HANDYWORKER" />
				</bean>
			</list>
		</property>
	</bean>


<!-- HandyWorker1 -->	
	<bean id="handyWorker1" class="domain.HandyWorker">
		
		<property name="name" value="Julio" />
		<property name="middleName" value="Martinez" />
		<property name="phone" value="+34 65527807" />
                <property name="address" value="calle falsa 123" />
                <property name="email" value="email@gmail.com" />
		<property name="photo" value="http://www.algo.com" />
                <property name="make" value="Hulito" />
		<property name="userAccount" ref="userAccount4" />
		<property name="profiles">
			<list>
				<ref bean="profile1" />
			</list>
		</property>
		<property name="messageBoxes">
			<list>
				
				<ref bean="in1" />
				<ref bean="out1" />
				<ref bean="trash1" />
				<ref bean="spam1" />
				
			</list>
		</property>

		<property name="curriculum" ref="curriculum1" />
		
		
        		<property name="finders">
			<list>
				<ref bean="finder1" />
			</list>
		</property>
        
        
                     <property name="applications">
			<list>
				<ref bean="application1" />
			</list>
                     </property>

	</bean>
	<!--HandyWorker2-->
<bean id="userAccount5" class="security.UserAccount">
		<property name="username" value="handyworker2" />
		<property name="password" value="handyworker2" />
		<property name="authorities">
			<list>
				<bean class="security.Authority">
					<property name="authority" value="HANDYWORKER" />
				</bean>
			</list>
		</property>
	</bean>
<!-- HandyWorker2 -->	
	<bean id="handyWorker2" class="domain.HandyWorker">
		
		<property name="name" value="Martin" />
		<property name="middleName" value="Perez" />
		<property name="phone" value="+34 65527807" />
                <property name="address" value="calle falsa 123" />
                <property name="email" value="flfjew@gmail.com" />
		<property name="photo" value="http://www.web.com" />
                <property name="make" value="MARTINXxp3r3z" />
		<property name="userAccount" ref="userAccount5" />
		<property name="profiles">
			<list>
				<ref bean="profile2" />
			</list>
		</property>
		<property name="messageBoxes">
			<list>
				
				<ref bean="in2" />
				<ref bean="out2" />
				<ref bean="trash2" />
				<ref bean="spam2" />
				
			</list>
		</property>

		<property name="curriculum" ref="curriculum2" />
        		<property name="finders">
			<list>
				<ref bean="finder2" />
			</list>
		</property>
		
		<property name="applications">
			<list>
				<ref bean="application2" />
			</list>
                     </property>

	</bean>
	

<!--HandyWorker3-->
<bean id="userAccount6" class="security.UserAccount">
		<property name="username" value="handyworker3" />
		<property name="password" value="handyworker3" />
		<property name="authorities">
			<list>
				<bean class="security.Authority">
					<property name="authority" value="HANDYWORKER" />
				</bean>
			</list>
		</property>
	</bean>
<!-- HandyWorker3 -->	
	<bean id="handyWorker3" class="domain.HandyWorker">
		
		<property name="name" value="Jaime" />
		<property name="middleName" value="Scizor" />
		<property name="phone" value="+34 65527807" />
                <property name="address" value="calle falsa 123" />
                <property name="email" value="calle@gmail.com" />
		<property name="photo" value="http://www.algo.com" />
                <property name="make" value="paquito" />
		<property name="userAccount" ref="userAccount6" />
		<property name="profiles">
			<list>
				<ref bean="profile3" />
			</list>
		</property>
		<property name="messageBoxes">
			<list>
				
				<ref bean="in3" />
				<ref bean="out3" />
				<ref bean="trash3" />
				<ref bean="spam3" />
				
			</list>
		</property>

		<property name="curriculum" ref="curriculum3" />
      		<property name="finders">
			<list>
				<ref bean="finder3" />
			</list>
		</property>
		
                     <property name="applications">
			<list>
				<ref bean="application3" />
			</list>
                     </property>

	</bean>
	<!--HandyWorker4-->
<bean id="userAccount7" class="security.UserAccount">
		<property name="username" value="handyworker4" />
		<property name="password" value="handyworker4" />
		<property name="authorities">
			<list>
				<bean class="security.Authority">
					<property name="authority" value="HANDYWORKER" />
				</bean>
			</list>
		</property>
	</bean>
<!-- HandyWorker4 -->	
	<bean id="handyWorker4" class="domain.HandyWorker">
		
		<property name="name" value="Hulito" />
		<property name="middleName" value="Gonzalez" />
		<property name="phone" value="+34 655278045" />
                <property name="address" value="calle falsa 21" />
                <property name="email" value="calle@gmail.com" />
		<property name="photo" value="http://www.web.com" />
                <property name="make" value="Julio" />
		<property name="userAccount" ref="userAccount7" />
		<property name="profiles">
			<list>
				<ref bean="profile4" />
			</list>
		</property>
		<property name="messageBoxes">
			<list>
				
				<ref bean="in4" />
				<ref bean="out4" />
				<ref bean="trash4" />
				<ref bean="spam4" />
				
			</list>
		</property>

		<property name="curriculum" ref="curriculum4" />
      		<property name="finders">
			<list>
				<ref bean="finder4" />
			</list>
		</property>
		                     <property name="applications">
			<list>
				<ref bean="application4" />
			</list>
                     </property>

	</bean>
	
<!--HandyWorker5-->
<bean id="userAccount8" class="security.UserAccount">
		<property name="username" value="handyworker5" />
		<property name="password" value="handyworker5" />
		<property name="authorities">
			<list>
				<bean class="security.Authority">
					<property name="authority" value="HANDYWORKER" />
				</bean>
			</list>
		</property>
	</bean>
<!-- HandyWorker5 -->	
	<bean id="handyWorker5" class="domain.HandyWorker">
		
		<property name="name" value="paco" />
		<property name="middleName" value="perez" />
		<property name="phone" value="+34 655278045" />
                <property name="address" value="calle calle" />
                <property name="email" value="calle@gmail.com" />
		<property name="photo" value="http://www.algo.com" />
                <property name="make" value="paquito" />
		<property name="userAccount" ref="userAccount8" />
		<property name="profiles">
			<list>
				<ref bean="profile5" />
			</list>
		</property>
		<property name="messageBoxes">
			<list>
				
				<ref bean="in5" />
				<ref bean="out5" />
				<ref bean="trash5" />
				<ref bean="spam5" />
				
			</list>
		</property>

		<property name="curriculum" ref="curriculum5" />
      		<property name="finders">
			<list>
				<ref bean="finder5" />
			</list>
		</property>
		                    <property name="applications">
			<list>
				<ref bean="application5" />
				<ref bean="application6" />
				<ref bean="application7" />
			</list>
                     </property>

	</bean>

	<!-- ************************CUSTOMER************************** -->
	
	<!-- Customer 1 -->
	<bean id="userAccount40" class="security.UserAccount">
		<property name="username" value="customer1" />
		<property name="password" value="21232f297a57a5a743894a0e4a801fc1" />
		<property name="authorities">
			<list>
				<bean class="security.Authority">
					<property name="authority" value="CUSTOMER" />
				</bean>
			</list>
		</property>
		
	
	</bean>

	<bean id="customer1" class="domain.Customer">
		<property name="name" value="manolo" />
		<property name="middleName" value="manola" />
		<property name="phone" value="+34 655234782" />
		<property name="address" value="calle paco" />
		<property name="email" value="customer1@gmail.com" />
		<property name="photo" value="http://www.web4.com" />
		<property name="userAccount" ref="userAccount40" />
		<property name="profiles">
			<list>
</list>
</property>
		<property name="messageBoxes">
			<list>
				<ref bean="in6" />
				<ref bean="out6" />
				<ref bean="trash6" />
				<ref bean="spam6" />
			</list>
		</property>
		<property name="fixUpTasks">
			<list>
			<ref bean="fixUpTask1" />
			<ref bean="fixUpTask2" />
			</list>
		</property>
</bean>
<!-- Customer 2 -->
	<bean id="userAccount60" class="security.UserAccount">
		<property name="username" value="customer2" />
		<property name="password" value="21232f297a57a5a743894a0e4a801fc1" />
		<property name="authorities">
			<list>
				<bean class="security.Authority">
					<property name="authority" value="CUSTOMER" />
				</bean>
			</list>
		</property>
		
	
	</bean>

	<bean id="customer2" class="domain.Customer">
		<property name="name" value="manolo" />
		<property name="middleName" value="manola" />
		<property name="phone" value="+34 655234782" />
		<property name="address" value="calle paco" />
		<property name="email" value="customer1@gmail.com" />
		<property name="photo" value="http://www.nigeria.com" />
		<property name="userAccount" ref="userAccount60" />
		<property name="profiles">
			<list>
			</list>
		</property>
		<property name="messageBoxes">
			<list>
				<ref bean="in7" />
				<ref bean="out7" />
				<ref bean="trash7" />
				<ref bean="spam7" />
			</list>
		</property>
		<property name="fixUpTasks">
			<list>
			<ref bean="fixUpTask3" />
			<ref bean="fixUpTask4" />
			<ref bean="fixUpTask5" />
			</list>
		</property>
	
</bean>


	<!-- *****************************ENDORSEMENT************************************* -->

<!-- Endorsement 1-->
	<bean id="endorsement1" class="domain.Endorsement">
		<property name="moment" value="17/01/2014" />
		<property name="comments" value="Is a good worker. Good job :)" />
		<property name="sender" ref="customer1" />
		<property name="endorser" ref="handyWorker1" />
</bean>

<!-- Endorsement 2-->
	<bean id="endorsement2" class="domain.Endorsement">
		<property name="moment" value="17/01/2014" />
		<property name="comments" value="Is a good worker. Good job :)" />
		<property name="sender" ref="customer2" />
		<property name="endorser" ref="handyWorker2" />
</bean>
<!-- Endorsement 3-->
	<bean id="endorsement3" class="domain.Endorsement">
		<property name="moment" value="17/01/2014" />
		<property name="comments" value="Is a good worker. BAD BAD BAD job :)" />
		<property name="sender" ref="customer1" />
		<property name="endorser" ref="handyWorker3" />
</bean>
<!-- Endorsement 4-->
	<bean id="endorsement4" class="domain.Endorsement">
		<property name="moment" value="17/01/2014" />
		<property name="comments" value="Is a good worker. TERRIFIC. Good job :)" />
		<property name="sender" ref="customer2" />
		<property name="endorser" ref="handyWorker4" />
</bean>
<!-- Endorsement 5-->
	<bean id="endorsement5" class="domain.Endorsement">
		<property name="moment" value="17/01/2014" />
		<property name="comments" value="Is a good worker. Good job :)" />
		<property name="sender" ref="customer1" />
		<property name="endorser" ref="handyWorker5" />
</bean>

	
	<!-- ***************************SECTION************************* -->
	
	<!--Section1-->
<bean id="section1" class="domain.Section">
		<property name="title" value="sectionone"/>
		<property name="text" value="kfkf"/>
		<property name="comment" value="hola"/>
	</bean>

<!--Section2-->
<bean id="section2" class="domain.Section">
		<property name="title" value="sectiontwo"/>
		<property name="text" value="kdkdk"/>
		<property name="comment" value="adios"/>
	</bean>

<!--Section3-->
<bean id="section3" class="domain.Section">
		<property name="title" value="sectionthree"/>
		<property name="text" value="kdkdk"/>
		<property name="comment" value="que"/>
	</bean>

<!--Section4-->
<bean id="section4" class="domain.Section">
		<property name="title" value="sectionfour"/>
		<property name="text" value="irir"/>
		<property name="comment" value="eso"/>
	</bean>
<!--Section5-->
<bean id="section5" class="domain.Section">
		<property name="title" value="sectionfive"/>
		<property name="text" value="ldkdld"/>
		<property name="comment" value="venga"/>
	</bean>
	
	
	<!-- **************************TUTORIAL****************************** -->
	
	<!-- Tutorial1 -->
	<bean id="tutorial1" class="domain.Tutorial">
		<property name="title" value="Tutorial1" />
		<property name="lastUpdate" value="01/01/2010 23:59" />
		<property name="summary" value=" first tutorial" />
		<property name="picture" value="http://www.ref.com" />
		<property name="sections">
			<list>
				<ref bean="section1" />
			
			</list>
		</property>
		
		<property name="handyworker" ref="handyWorker1" />
		
		
		
</bean>



<!-- Tutorial2 -->
	<bean id="tutorial2" class="domain.Tutorial">
		<property name="title" value="Tutorial 2" />
		<property name="lastUpdate" value="01/01/2010 23:59" />
		<property name="summary" value="second tutorial" />
		<property name="picture" value="http://www.wqe.com" />
		<property name="sections">
			<list>
				<ref bean="section2" />
				
			</list>
		</property>
		
				<property name="handyworker" ref="handyWorker1" />
		
</bean>
<!-- Tutorial3 -->
	<bean id="tutorial3" class="domain.Tutorial">
		<property name="title" value="Tutorial 3" />
		<property name="lastUpdate" value="01/01/2010 23:59" />
		<property name="summary" value="third tutorial" />
		<property name="picture" value="http://www.asw.com" />
		<property name="sections">
			<list>
				<ref bean="section3" />
				
			</list>
		</property>
		
				<property name="handyworker" ref="handyWorker1" />
		
</bean>
<!-- Tutorial4 -->
	<bean id="tutorial4" class="domain.Tutorial">
		<property name="title" value="Tutorial 4" />
		<property name="lastUpdate" value="01/01/2010 23:59" />
		<property name="summary" value="fourth tutorial" />
		<property name="picture" value="http://www.xzc.com" />
		<property name="sections">
			<list>
				<ref bean="section4" />
				
			</list>
		</property>
		
				<property name="handyworker" ref="handyWorker1" />
		
</bean>
<!-- Tutorial5 -->
	<bean id="tutorial5" class="domain.Tutorial">
		<property name="title" value="Tutorial 5" />
		<property name="lastUpdate" value="01/01/2010 23:59" />
		<property name="summary" value="This is the fifth tutorial" />
		<property name="picture" value="http://www.gth.com" />
		<property name="sections">
			<list>
				<ref bean="section5" />
				
			</list>
		</property>
		
				<property name="handyworker" ref="handyWorker1" />
		
</bean>
	
	<!-- *********************SPONSORS*************************** -->
	
	
	<!-- Sponsor 1 -->

	<bean id="userAccount15" class="security.UserAccount">
		<property name="username" value="sponsor1" />
		<property name="password" value="sponsor1" />
		<property name="authorities">
			<list>
				<bean class="security.Authority">
					<property name="authority" value="SPONSOR" />
				</bean>
			</list>
		</property>
</bean>

<bean id="sponsor1" class="domain.Sponsor">
		<property name="name" value="sponsor1" />
		<property name="middleName" value="" />
		<property name="phone" value="+34 654456258" />
		<property name="address" value="C/ Wed1" />
		<property name="email" value="sponsor1@gmail.com" />
		<property name="photo" value="http://wwww.photo1" />
		<property name="userAccount" ref="userAccount15" />
		<property name="profiles">
			<list>
			</list>
		</property>
		<property name="messageBoxes">
			<list>
				<ref bean="in15" />
				<ref bean="out15" />
				<ref bean="trash15" />
				<ref bean="spam15" />
			</list>
		</property>

</bean>
<!-- Sponsor 2-->

	<bean id="userAccount16" class="security.UserAccount">
		<property name="username" value="sponsor2" />
		<property name="password" value="sponsor2" />
		<property name="authorities">
			<list>
				<bean class="security.Authority">
					<property name="authority" value="SPONSOR" />
				</bean>
			</list>
		</property>
</bean>

<bean id="sponsor2" class="domain.Sponsor">
		<property name="name" value="sponsor2" />
		<property name="middleName" value="" />
		<property name="phone" value="+34 654654654" />
		<property name="address" value="calle falsa 123" />
		<property name="email" value="sponsor@gmail.com" />
		<property name="photo" value="http://wwww.url.com" />
		<property name="userAccount" ref="userAccount16" />
		<property name="profiles">
			<list>
			</list>
		</property>
		<property name="messageBoxes">
			<list>
				<ref bean="in8" />
				<ref bean="out8" />
				<ref bean="trash8" />
				<ref bean="spam8" />
			</list>
		</property>

</bean>
<!-- Sponsor 3 -->

	<bean id="userAccount17" class="security.UserAccount">
		<property name="username" value="sponsor3" />
		<property name="password" value="sponsor3" />
		<property name="authorities">
			<list>
				<bean class="security.Authority">
					<property name="authority" value="SPONSOR" />
				</bean>
			</list>
		</property>
</bean>

<bean id="sponsor3" class="domain.Sponsor">
		<property name="name" value="sponsor3" />
		<property name="middleName" value="middle" />
		<property name="phone" value="+34 654654654" />
		<property name="address" value="C/ Wed1" />
		<property name="email" value="sponsor@gmail.com" />
		<property name="photo" value="http://www.url.com" />
		<property name="userAccount" ref="userAccount17" />
		<property name="profiles">
			<list>
			</list>
		</property>
		<property name="messageBoxes">
			<list>
				<ref bean="in9" />
				<ref bean="out9" />
				<ref bean="trash9" />
				<ref bean="spam9" />
			</list>
		</property>

</bean>
<!-- Sponsor 4 -->

	<bean id="userAccount18" class="security.UserAccount">
		<property name="username" value="sponsor4" />
		<property name="password" value="sponsor4" />
		<property name="authorities">
			<list>
				<bean class="security.Authority">
					<property name="authority" value="SPONSOR" />
				</bean>
			</list>
		</property>
</bean>

<bean id="sponsor4" class="domain.Sponsor">
		<property name="name" value="sponsor4" />
		<property name="middleName" value="name" />
		<property name="phone" value="+34 654654654" />
		<property name="address" value="direction" />
		<property name="email" value="sponsor@gmail.com" />
		<property name="photo" value="http://www.url.com" />
		<property name="userAccount" ref="userAccount18" />
		<property name="profiles">
			<list>
			</list>
		</property>
		<property name="messageBoxes">
			<list>
				<ref bean="in18" />
				<ref bean="out18" />
				<ref bean="trash18" />
				<ref bean="spam18" />
			</list>
		</property>

</bean>
<!-- Sponsor 5 -->

	<bean id="userAccount19" class="security.UserAccount">
		<property name="username" value="sponsor5" />
		<property name="password" value="sponsor5" />
		<property name="authorities">
			<list>
				<bean class="security.Authority">
					<property name="authority" value="SPONSOR" />
				</bean>
			</list>
		</property>
</bean>

<bean id="sponsor5" class="domain.Sponsor">
		<property name="name" value="sponsor5" />
		<property name="middleName" value="middle name" />
		<property name="phone" value="+34 654321987" />
		<property name="address" value="Calle falsa 123" />
		<property name="email" value="sponsor@gmail.com" />
		<property name="photo" value="http://www.url.com" />
		<property name="userAccount" ref="userAccount19" />
		<property name="profiles">
			<list>
			</list>
		</property>
		<property name="messageBoxes">
			<list>
				<ref bean="in19" />
				<ref bean="out19" />
				<ref bean="trash19" />
				<ref bean="spam19" />
			</list>
		</property>

</bean>
	
	<!-- ****************************SPONSORSHIPS******************************* -->
	
	<!--SponsorShip 1-->
<bean id="sponsorship1" class="domain.Sponsorship">
		<property name="banner" value="http://bannersponsor.com" />
		<property name="targetPage" value="http://infopage.com" />
		<property name="tutorial" ref="tutorial1" />
		<property name="creditCard" ref="creditCard1" />
		<property name="sponsor" ref="sponsor1" />
	</bean>
<!--SponsorShip 2-->
<bean id="sponsorship2" class="domain.Sponsorship">
		<property name="banner" value="http://bannersponsor.com" />
		<property name="targetPage" value="http://infopage.com" />
		<property name="tutorial" ref="tutorial2" />
		<property name="creditCard" ref="creditCard2" />
		<property name="sponsor" ref="sponsor2" />
	</bean>
<!--SponsorShip 3-->
<bean id="sponsorship3" class="domain.Sponsorship">
		<property name="banner" value="http://bannersponsor.com" />
		<property name="targetPage" value="http://infopage.com" />
		<property name="tutorial" ref="tutorial3" />
		<property name="creditCard" ref="creditCard3" />
		<property name="sponsor" ref="sponsor3" />
	</bean>
<!--SponsorShip 4-->
<bean id="sponsorship4" class="domain.Sponsorship">
		<property name="banner" value="http://bannersponsor.com" />
		<property name="targetPage" value="http://infopage.com" />
		<property name="tutorial" ref="tutorial4" />
		<property name="creditCard" ref="creditCard4" />
		<property name="sponsor" ref="sponsor4" />
	</bean>
<!--SponsorShip 5-->
<bean id="sponsorship5" class="domain.Sponsorship">
		<property name="banner" value="http://bannersponsor.com" />
		<property name="targetPage" value="http://infopage.com" />
		<property name="tutorial" ref="tutorial5" />
		<property name="creditCard" ref="creditCard5" />
		<property name="sponsor" ref="sponsor5" />
	</bean>
	

	<!-- ********************MESSAGES*************************** -->

<!--Message 1 -->

<bean id="message1" class="domain.Message">
		<property name="subject" value="paco" />
		<property name="body" value="dinero" />
		
		<property name="priority" value="HIGH" />
		<property name="tags" value="suspenso" />
		
		<property name="moment" value="10/10/2015" />

                <property name="sender" ref="handyWorker2" />
		<property name="recipients">
		
			<list>
				<ref bean="handyWorker1" />
                               
				
			</list>
           </property>     
	</bean>
<!--Message 2 -->

<bean id="message2" class="domain.Message">
		<property name="subject" value="manolo" />
		<property name="body" value="solucion" />
		
		<property name="priority" value="MEDIUM" />
		<property name="tags" value="suspenso" />
		
		<property name="moment" value="10/10/2016" />

                <property name="sender" ref="handyWorker1" />
		<property name="recipients">
		
			<list>
				<ref bean="handyWorker2" />
                               
				
			</list>
                </property>
	</bean>
<!--Message 3 -->

<bean id="message3" class="domain.Message">
		<property name="subject" value="antonio" />
		<property name="body" value="solucion" />
		
		<property name="priority" value="HIGH" />
		<property name="tags" value="suspenso" />
		
		<property name="moment" value="10/10/2015" />

                <property name="sender" ref="handyWorker1" />
		<property name="recipients">
		
			<list>
				<ref bean="handyWorker3" />
                               
				
			</list>
                </property>
	</bean>
<!--Message 4 -->

<bean id="message4" class="domain.Message">
		<property name="subject" value="Carmen" />
		<property name="body" value="solucion" />
		
		<property name="priority" value="HIGH" />
		<property name="tags" value="suspensisimo" />
		
		<property name="moment" value="10/10/2015" />

                <property name="sender" ref="handyWorker1" />
		<property name="recipients">
		
			<list>
				<ref bean="handyWorker4" />
                               
				
			</list>
         </property>       
	</bean>
<!--Message 5 -->
<bean id="message5" class="domain.Message">
		<property name="subject" value="PEPE" />
		<property name="body" value="Cristiano ronaldo" />
		
		<property name="priority" value="HIGH" />
		<property name="tags" value="Buenas" />
		
		<property name="moment" value="10/10/2015" />

                <property name="sender" ref="handyWorker3" />
		<property name="recipients">
		
			<list>
				<ref bean="handyWorker5" />
                               
				
			</list>
        </property>        
	</bean>


	
	<!-- Other domain beans come here -->	
	</beans>
